Date-Time,Western,Adventure,Crime,Thriller,Fantasy,Documentary,Music,Action,TV Movie,Drama,Mystery,Science Fiction,Comedy,Family,Horror,War,Animation,History,Romance
2024-10-01 07:05:00,0.0,0.1565247584249852,0.0,0.0,0.0,0.0,0.0,0.0,0.0,0.1565247584249852,0.0,0.0,0.1565247584249852,0.1565247584249852,0.0,0.0,0.1565247584249852,0.0,0.0
2024-10-01 07:35:00,0.0,0.1565247584249852,0.0,0.0,0.0,0.0,0.0,0.0,0.0,0.1565247584249852,0.0,0.0,0.1565247584249852,0.1565247584249852,0.0,0.0,0.1565247584249852,0.0,0.0
2024-10-01 08:05:00,0.0,0.1565247584249852,0.0,0.0,0.0,0.0,0.0,0.0,0.0,0.1565247584249852,0.0,0.0,0.1565247584249852,0.1565247584249852,0.0,0.0,0.1565247584249852,0.0,0.0
2024-10-01 08:35:00,0.0,0.0782623792124926,0.1010362971081845,0.0,0.0,0.0,0.0,0.1010362971081845,0.0,0.1792986763206771,0.0,0.0,0.0782623792124926,0.0782623792124926,0.0,0.0,0.0782623792124926,0.0,0.0
2024-10-01 09:10:00,0.0,0.0,0.202072594216369,0.0,0.0,0.0,0.0,0.202072594216369,0.0,0.202072594216369,0.0,0.0,0.0,0.0,0.0,0.0,0.0,0.0,0.0
2024-10-01 09:40:00,0.0,0.0,0.202072594216369,0.0,0.0,0.0,0.0,0.202072594216369,0.0,0.202072594216369,0.0,0.0,0.0,0.0,0.0,0.0,0.0,0.0,0.0
2024-10-01 10:10:00,0.0,0.0,0.202072594216369,0.0,0.0,0.0,0.0,0.202072594216369,0.0,0.202072594216369,0.0,0.0,0.0,0.0,0.0,0.0,0.0,0.0,0.0
2024-10-01 10:40:00,0.0,0.0,0.1010362971081845,0.0,0.0,0.0,0.0,0.1010362971081845,0.0,0.2760362971081845,0.0,0.0,0.0,0.0,0.0,0.0,0.0,0.0,0.0
2024-10-01 11:15:00,0.0,0.0,0.0,0.0,0.0,0.0,0.0,0.0,0.0,0.35,0.0,0.0,0.0,0.0,0.0,0.0,0.0,0.0,0.0
2024-10-01 11:45:00,0.0,0.0,0.0,0.0,0.0,0.0,0.0,0.0,0.0,0.35,0.0,0.0,0.0,0.0,0.0,0.0,0.0,0.0,0.0
2024-10-01 12:15:00,0.0,0.0,0.0,0.0,0.0,0.0,0.0,0.0,0.0,0.35,0.0,0.0,0.0,0.0,0.0,0.0,0.0,0.0,0.0
2024-10-01 12:45:00,0.0,0.0,0.0,0.0,0.0,0.0,0.0,0.0,0.0,0.35,0.0,0.0,0.0,0.0,0.0,0.0,0.0,0.0,0.0
2024-10-01 13:15:00,0.0,0.1010362971081845,0.0,0.1010362971081845,0.0,0.0,0.0,0.1010362971081845,0.0,0.175,0.0,0.0,0.0,0.0,0.0,0.0,0.0,0.0,0.0
2024-10-01 13:50:00,0.0,0.202072594216369,0.0,0.202072594216369,0.0,0.0,0.0,0.202072594216369,0.0,0.0,0.0,0.0,0.0,0.0,0.0,0.0,0.0,0.0,0.0
2024-10-01 14:20:00,0.0,0.202072594216369,0.0,0.202072594216369,0.0,0.0,0.0,0.202072594216369,0.0,0.0,0.0,0.0,0.0,0.0,0.0,0.0,0.0,0.0,0.0
2024-10-01 14:50:00,0.0,0.202072594216369,0.0,0.202072594216369,0.0,0.0,0.0,0.202072594216369,0.0,0.0,0.0,0.0,0.0,0.0,0.0,0.0,0.0,0.0,0.0
2024-10-01 15:20:00,0.0,0.202072594216369,0.0,0.202072594216369,0.0,0.0,0.0,0.202072594216369,0.0,0.0,0.0,0.0,0.0,0.0,0.0,0.0,0.0,0.0,0.0
2024-10-01 15:50:00,0.0,0.202072594216369,0.0,0.202072594216369,0.0,0.0,0.0,0.202072594216369,0.0,0.0,0.0,0.0,0.0,0.0,0.0,0.0,0.0,0.0,0.0
2024-10-01 16:55:00,0.0,0.0,0.0,0.0,0.0,0.0,0.0,0.2474873734152916,0.0,0.0,0.0,0.0,0.2474873734152916,0.0,0.0,0.0,0.0,0.0,0.0
2024-10-01 17:25:00,0.0,0.0,0.0,0.0,0.0,0.0,0.0,0.2474873734152916,0.0,0.0,0.0,0.0,0.2474873734152916,0.0,0.0,0.0,0.0,0.0,0.0
2024-10-01 17:55:00,0.0,0.0,0.0,0.0,0.0,0.0,0.0,0.2474873734152916,0.0,0.0,0.0,0.0,0.2474873734152916,0.0,0.0,0.0,0.0,0.0,0.0
2024-10-01 18:25:00,0.0,0.0,0.0875,0.0875,0.0,0.0,0.0,0.2112436867076458,0.0,0.0875,0.0,0.0,0.1237436867076458,0.0,0.0,0.0,0.0,0.0,0.0
2024-10-01 19:00:00,0.0,0.0,0.175,0.175,0.0,0.0,0.0,0.175,0.0,0.175,0.0,0.0,0.0,0.0,0.0,0.0,0.0,0.0,0.0
2024-10-01 19:30:00,0.0,0.0,0.175,0.175,0.0,0.0,0.0,0.175,0.0,0.175,0.0,0.0,0.0,0.0,0.0,0.0,0.0,0.0,0.0
2024-10-01 20:00:00,0.0,0.0,0.175,0.175,0.0,0.0,0.0,0.175,0.0,0.175,0.0,0.0,0.0,0.0,0.0,0.0,0.0,0.0,0.0
2024-10-01 20:30:00,0.0,0.0,0.1885362971081844,0.0875,0.0,0.0,0.0,0.1885362971081844,0.0,0.0875,0.0,0.0,0.1010362971081845,0.0,0.0,0.0,0.0,0.0,0.0
2024-10-01 21:05:00,0.0,0.0,0.202072594216369,0.0,0.0,0.0,0.0,0.202072594216369,0.0,0.0,0.0,0.0,0.202072594216369,0.0,0.0,0.0,0.0,0.0,0.0
2024-10-01 21:35:00,0.0,0.0,0.202072594216369,0.0,0.0,0.0,0.0,0.202072594216369,0.0,0.0,0.0,0.0,0.202072594216369,0.0,0.0,0.0,0.0,0.0,0.0
2024-10-01 22:05:00,0.0,0.0,0.202072594216369,0.0,0.0,0.0,0.0,0.202072594216369,0.0,0.0,0.0,0.0,0.202072594216369,0.0,0.0,0.0,0.0,0.0,0.0
2024-10-01 22:35:00,0.0,0.0,0.1010362971081845,0.0,0.1010362971081845,0.0,0.0,0.1010362971081845,0.0,0.0,0.0,0.0,0.1010362971081845,0.0,0.0,0.0,0.1010362971081845,0.0,0.1010362971081845
2024-10-01 23:10:00,0.0,0.0,0.0,0.0,0.202072594216369,0.0,0.0,0.0,0.0,0.0,0.0,0.0,0.0,0.0,0.0,0.0,0.202072594216369,0.0,0.202072594216369
2024-10-01 23:40:00,0.0,0.0,0.0,0.0,0.202072594216369,0.0,0.0,0.0,0.0,0.0,0.0,0.0,0.0,0.0,0.0,0.0,0.202072594216369,0.0,0.202072594216369
2024-10-02 07:25:00,0.0,0.0,0.0,0.0,0.0,0.0,0.0,0.0,0.0,0.2474873734152916,0.0,0.0,0.0,0.0,0.0,0.0,0.0,0.2474873734152916,0.0
2024-10-02 07:55:00,0.0,0.0,0.0,0.0,0.0,0.0,0.0,0.0,0.0,0.2474873734152916,0.0,0.0,0.0,0.0,0.0,0.0,0.0,0.2474873734152916,0.0
2024-10-02 09:00:00,0.0,0.175,0.0,0.175,0.0,0.0,0.0,0.0,0.0,0.175,0.0,0.0,0.0,0.0,0.0,0.0,0.0,0.0,0.175
2024-10-02 09:30:00,0.0,0.175,0.0,0.175,0.0,0.0,0.0,0.0,0.0,0.175,0.0,0.0,0.0,0.0,0.0,0.0,0.0,0.0,0.175
2024-10-02 10:00:00,0.0,0.175,0.0,0.175,0.0,0.0,0.0,0.0,0.0,0.175,0.0,0.0,0.0,0.0,0.0,0.0,0.0,0.0,0.175
2024-10-02 10:30:00,0.0,0.175,0.0,0.175,0.0,0.0,0.0,0.0,0.0,0.175,0.0,0.0,0.0,0.0,0.0,0.0,0.0,0.0,0.175
2024-10-02 11:35:00,0.0,0.175,0.0,0.0,0.175,0.0,0.0,0.0,0.0,0.0,0.0,0.0,0.0,0.175,0.0,0.0,0.175,0.0,0.0
2024-10-02 12:05:00,0.0,0.175,0.0,0.0,0.175,0.0,0.0,0.0,0.0,0.0,0.0,0.0,0.0,0.175,0.0,0.0,0.175,0.0,0.0
2024-10-02 12:35:00,0.0,0.175,0.0,0.0,0.175,0.0,0.0,0.0,0.0,0.0,0.0,0.0,0.0,0.175,0.0,0.0,0.175,0.0,0.0
2024-10-02 13:05:00,0.0,0.175,0.0,0.0,0.175,0.0,0.0,0.0,0.0,0.0,0.0,0.0,0.0875,0.175,0.0,0.0,0.0875,0.0,0.0
2024-10-02 13:40:00,0.0,0.175,0.0,0.0,0.175,0.0,0.0,0.0,0.0,0.0,0.0,0.0,0.175,0.175,0.0,0.0,0.0,0.0,0.0
2024-10-02 14:10:00,0.0,0.175,0.0,0.0,0.175,0.0,0.0,0.0,0.0,0.0,0.0,0.0,0.175,0.175,0.0,0.0,0.0,0.0,0.0
2024-10-02 14:40:00,0.0,0.175,0.0,0.0,0.175,0.0,0.0,0.0,0.0,0.0,0.0,0.0,0.175,0.175,0.0,0.0,0.0,0.0,0.0
2024-10-02 15:10:00,0.0,0.1657623792124926,0.0,0.0,0.0875,0.0,0.0,0.0782623792124926,0.0,0.0,0.0782623792124926,0.0782623792124926,0.0875,0.0875,0.0782623792124926,0.0,0.0,0.0,0.0
2024-10-02 15:45:00,0.0,0.1565247584249852,0.0,0.0,0.0,0.0,0.0,0.1565247584249852,0.0,0.0,0.1565247584249852,0.1565247584249852,0.0,0.0,0.1565247584249852,0.0,0.0,0.0,0.0
2024-10-02 16:15:00,0.0,0.1565247584249852,0.0,0.0,0.0,0.0,0.0,0.1565247584249852,0.0,0.0,0.1565247584249852,0.1565247584249852,0.0,0.0,0.1565247584249852,0.0,0.0,0.0,0.0
2024-10-02 16:45:00,0.0,0.1565247584249852,0.0,0.0,0.0,0.0,0.0,0.1565247584249852,0.0,0.0,0.1565247584249852,0.1565247584249852,0.0,0.0,0.1565247584249852,0.0,0.0,0.0,0.0
2024-10-02 17:15:00,0.0,0.1792986763206771,0.0,0.0,0.0,0.0,0.0,0.1792986763206771,0.0,0.0,0.0782623792124926,0.1792986763206771,0.0,0.0,0.0782623792124926,0.0,0.0,0.0,0.0
2024-10-02 17:50:00,0.0,0.202072594216369,0.0,0.0,0.0,0.0,0.0,0.202072594216369,0.0,0.0,0.0,0.202072594216369,0.0,0.0,0.0,0.0,0.0,0.0,0.0
2024-10-02 18:20:00,0.0,0.202072594216369,0.0,0.0,0.0,0.0,0.0,0.202072594216369,0.0,0.0,0.0,0.202072594216369,0.0,0.0,0.0,0.0,0.0,0.0,0.0
2024-10-02 18:50:00,0.0,0.202072594216369,0.0,0.0,0.0,0.0,0.0,0.202072594216369,0.0,0.0,0.0,0.202072594216369,0.0,0.0,0.0,0.0,0.0,0.0,0.0
2024-10-02 19:20:00,0.0,0.202072594216369,0.0,0.0,0.0,0.0,0.0,0.202072594216369,0.0,0.0,0.0,0.202072594216369,0.0,0.0,0.0,0.0,0.0,0.0,0.0
2024-10-02 19:50:00,0.0,0.1885362971081844,0.0,0.0,0.0875,0.0,0.0,0.1010362971081845,0.0,0.0875,0.0,0.1010362971081845,0.0,0.0875,0.0,0.0,0.0,0.0,0.0
2024-10-02 20:25:00,0.0,0.175,0.0,0.0,0.175,0.0,0.0,0.0,0.0,0.175,0.0,0.0,0.0,0.175,0.0,0.0,0.0,0.0,0.0
2024-10-02 20:55:00,0.0,0.175,0.0,0.0,0.175,0.0,0.0,0.0,0.0,0.175,0.0,0.0,0.0,0.175,0.0,0.0,0.0,0.0,0.0
2024-10-02 21:25:00,0.0,0.175,0.0,0.0,0.175,0.0,0.0,0.0,0.0,0.175,0.0,0.0,0.0,0.175,0.0,0.0,0.0,0.0,0.0
2024-10-02 21:55:00,0.0,0.175,0.0,0.0,0.0875,0.0,0.0,0.0875,0.0,0.0875,0.0,0.0,0.0,0.0875,0.0,0.0,0.0,0.0875,0.0875
2024-10-02 22:30:00,0.0,0.175,0.0,0.0,0.0,0.0,0.0,0.175,0.0,0.0,0.0,0.0,0.0,0.0,0.0,0.0,0.0,0.175,0.175
2024-10-02 23:00:00,0.0,0.175,0.0,0.0,0.0,0.0,0.0,0.175,0.0,0.0,0.0,0.0,0.0,0.0,0.0,0.0,0.0,0.175,0.175
2024-10-02 23:30:00,0.0,0.175,0.0,0.0,0.0,0.0,0.0,0.175,0.0,0.0,0.0,0.0,0.0,0.0,0.0,0.0,0.0,0.175,0.175
2024-10-03 07:20:00,0.0,0.0,0.0,0.0,0.0,0.0,0.0,0.0,0.0,0.0,0.0,0.0,0.35,0.0,0.0,0.0,0.0,0.0,0.0
2024-10-03 07:50:00,0.0,0.0,0.0,0.0,0.0,0.0,0.0,0.0,0.0,0.0,0.0,0.0,0.35,0.0,0.0,0.0,0.0,0.0,0.0
2024-10-03 08:20:00,0.0,0.0,0.0,0.1010362971081845,0.0,0.0,0.0,0.1010362971081845,0.0,0.0,0.0,0.1010362971081845,0.175,0.0,0.0,0.0,0.0,0.0,0.0
2024-10-03 08:55:00,0.0,0.0,0.0,0.202072594216369,0.0,0.0,0.0,0.202072594216369,0.0,0.0,0.0,0.202072594216369,0.0,0.0,0.0,0.0,0.0,0.0,0.0
2024-10-03 09:25:00,0.0,0.0,0.0,0.202072594216369,0.0,0.0,0.0,0.202072594216369,0.0,0.0,0.0,0.202072594216369,0.0,0.0,0.0,0.0,0.0,0.0,0.0
2024-10-03 09:55:00,0.0,0.0,0.1010362971081845,0.202072594216369,0.0,0.0,0.0,0.1010362971081845,0.0,0.1010362971081845,0.0,0.1010362971081845,0.0,0.0,0.0,0.0,0.0,0.0,0.0
2024-10-03 10:30:00,0.0,0.0,0.202072594216369,0.202072594216369,0.0,0.0,0.0,0.0,0.0,0.202072594216369,0.0,0.0,0.0,0.0,0.0,0.0,0.0,0.0,0.0
2024-10-03 11:00:00,0.0,0.0,0.202072594216369,0.202072594216369,0.0,0.0,0.0,0.0,0.0,0.202072594216369,0.0,0.0,0.0,0.0,0.0,0.0,0.0,0.0,0.0
2024-10-03 11:30:00,0.0,0.0,0.202072594216369,0.202072594216369,0.0,0.0,0.0,0.0,0.0,0.202072594216369,0.0,0.0,0.0,0.0,0.0,0.0,0.0,0.0,0.0
2024-10-03 12:00:00,0.0,0.0,0.1010362971081845,0.1010362971081845,0.0,0.0,0.0,0.0,0.0,0.2247799838158302,0.0,0.0,0.0,0.0,0.0,0.0,0.0,0.0,0.1237436867076458
2024-10-03 12:35:00,0.0,0.0,0.0,0.0,0.0,0.0,0.0,0.0,0.0,0.2474873734152916,0.0,0.0,0.0,0.0,0.0,0.0,0.0,0.0,0.2474873734152916
2024-10-03 13:05:00,0.0,0.0,0.0,0.0,0.0,0.0,0.0,0.0,0.0,0.2474873734152916,0.0,0.0,0.0,0.0,0.0,0.0,0.0,0.0,0.2474873734152916
2024-10-03 13:35:00,0.0,0.0,0.0,0.0,0.0,0.0,0.0,0.0,0.0,0.2474873734152916,0.0,0.0,0.0,0.0,0.0,0.0,0.0,0.0,0.2474873734152916
2024-10-03 14:05:00,0.0,0.0,0.0,0.0,0.0,0.0,0.0,0.0875,0.0,0.2112436867076458,0.0,0.0,0.0,0.0,0.0,0.0875,0.0,0.0875,0.1237436867076458
2024-10-03 14:40:00,0.0,0.0,0.0,0.0,0.0,0.0,0.0,0.175,0.0,0.175,0.0,0.0,0.0,0.0,0.0,0.175,0.0,0.175,0.0
2024-10-03 15:10:00,0.0,0.0,0.0,0.0,0.0,0.0,0.0,0.175,0.0,0.175,0.0,0.0,0.0,0.0,0.0,0.175,0.0,0.175,0.0
2024-10-03 15:40:00,0.0,0.0,0.0,0.0,0.0,0.0,0.0,0.175,0.0,0.175,0.0,0.0,0.0,0.0,0.0,0.175,0.0,0.175,0.0
2024-10-03 16:10:00,0.0,0.0,0.0,0.0,0.0,0.0,0.0,0.175,0.0,0.175,0.0,0.0,0.0,0.0,0.0,0.175,0.0,0.175,0.0
2024-10-03 16:40:00,0.0,0.0782623792124926,0.0,0.0,0.0,0.0,0.0,0.0875,0.0,0.0875,0.0,0.0782623792124926,0.0782623792124926,0.0782623792124926,0.0,0.0875,0.0782623792124926,0.0875,0.0
2024-10-03 17:15:00,0.0,0.1565247584249852,0.0,0.0,0.0,0.0,0.0,0.0,0.0,0.0,0.0,0.1565247584249852,0.1565247584249852,0.1565247584249852,0.0,0.0,0.1565247584249852,0.0,0.0
2024-10-03 17:45:00,0.0,0.1565247584249852,0.0,0.0,0.0,0.0,0.0,0.0,0.0,0.0,0.0,0.1565247584249852,0.1565247584249852,0.1565247584249852,0.0,0.0,0.1565247584249852,0.0,0.0
2024-10-03 18:15:00,0.0,0.1565247584249852,0.0,0.0,0.0,0.0,0.0,0.0,0.0,0.0,0.0,0.1565247584249852,0.1565247584249852,0.1565247584249852,0.0,0.0,0.1565247584249852,0.0,0.0
2024-10-03 18:45:00,0.0,0.1657623792124926,0.0,0.0,0.0,0.0,0.0,0.0,0.0,0.0,0.0,0.0782623792124926,0.1657623792124926,0.1657623792124926,0.0,0.0,0.1657623792124926,0.0,0.0
2024-10-03 19:20:00,0.0,0.175,0.0,0.0,0.0,0.0,0.0,0.0,0.0,0.0,0.0,0.0,0.175,0.175,0.0,0.0,0.175,0.0,0.0
2024-10-03 19:50:00,0.0,0.175,0.0,0.0,0.0,0.0,0.0,0.0,0.0,0.0,0.0,0.0,0.175,0.175,0.0,0.0,0.175,0.0,0.0
2024-10-03 20:20:00,0.0,0.0875,0.0,0.1010362971081845,0.0,0.0,0.0,0.0,0.0,0.1010362971081845,0.0,0.0,0.1885362971081844,0.0875,0.0,0.0,0.0875,0.0,0.0
2024-10-03 20:55:00,0.0,0.0,0.0,0.202072594216369,0.0,0.0,0.0,0.0,0.0,0.202072594216369,0.0,0.0,0.202072594216369,0.0,0.0,0.0,0.0,0.0,0.0
2024-10-03 21:25:00,0.0,0.0,0.0,0.202072594216369,0.0,0.0,0.0,0.0,0.0,0.202072594216369,0.0,0.0,0.202072594216369,0.0,0.0,0.0,0.0,0.0,0.0
2024-10-03 21:55:00,0.0,0.0,0.0,0.202072594216369,0.0,0.0,0.0,0.0,0.0,0.202072594216369,0.0,0.0,0.202072594216369,0.0,0.0,0.0,0.0,0.0,0.0
2024-10-03 22:25:00,0.0,0.0,0.0,0.202072594216369,0.0,0.0,0.0,0.0,0.0,0.202072594216369,0.0,0.1010362971081845,0.1010362971081845,0.0,0.0,0.0,0.0,0.0,0.0
2024-10-03 23:00:00,0.0,0.0,0.0,0.202072594216369,0.0,0.0,0.0,0.0,0.0,0.202072594216369,0.0,0.202072594216369,0.0,0.0,0.0,0.0,0.0,0.0,0.0
2024-10-03 23:30:00,0.0,0.0,0.0,0.202072594216369,0.0,0.0,0.0,0.0,0.0,0.202072594216369,0.0,0.202072594216369,0.0,0.0,0.0,0.0,0.0,0.0,0.0
2024-10-04 07:20:00,0.0,0.0,0.0,0.202072594216369,0.0,0.0,0.0,0.0,0.0,0.0,0.202072594216369,0.0,0.0,0.0,0.202072594216369,0.0,0.0,0.0,0.0
2024-10-04 07:50:00,0.0,0.0,0.0,0.202072594216369,0.0,0.0,0.0,0.0,0.0,0.0,0.202072594216369,0.0,0.0,0.0,0.202072594216369,0.0,0.0,0.0,0.0
2024-10-04 08:20:00,0.0,0.0,0.0,0.202072594216369,0.0,0.0,0.0,0.0,0.0,0.0,0.202072594216369,0.0,0.0,0.0,0.202072594216369,0.0,0.0,0.0,0.0
2024-10-04 08:50:00,0.0,0.0,0.0,0.1010362971081845,0.0,0.0,0.0,0.0,0.0,0.1010362971081845,0.1010362971081845,0.0,0.1010362971081845,0.0,0.1010362971081845,0.0,0.0,0.0,0.1010362971081845
2024-10-04 09:25:00,0.0,0.0,0.0,0.0,0.0,0.0,0.0,0.0,0.0,0.202072594216369,0.0,0.0,0.202072594216369,0.0,0.0,0.0,0.0,0.0,0.202072594216369
2024-10-04 09:55:00,0.0,0.0,0.0,0.0,0.0,0.0,0.0,0.0,0.0,0.202072594216369,0.0,0.0,0.202072594216369,0.0,0.0,0.0,0.0,0.0,0.202072594216369
2024-10-04 10:25:00,0.0,0.0,0.0,0.0,0.0,0.0,0.0,0.0,0.0,0.202072594216369,0.0,0.0,0.202072594216369,0.0,0.0,0.0,0.0,0.0,0.202072594216369
2024-10-04 10:55:00,0.0,0.0,0.0,0.0,0.0,0.0,0.0,0.0,0.0,0.2760362971081845,0.0,0.0,0.1010362971081845,0.0,0.0,0.0,0.0,0.0,0.1010362971081845
2024-10-04 11:30:00,0.0,0.0,0.0,0.0,0.0,0.0,0.0,0.0,0.0,0.35,0.0,0.0,0.0,0.0,0.0,0.0,0.0,0.0,0.0
2024-10-04 12:00:00,0.0,0.0,0.0,0.0,0.0,0.0,0.0,0.0,0.0,0.35,0.0,0.0,0.0,0.0,0.0,0.0,0.0,0.0,0.0
2024-10-04 12:30:00,0.0,0.0,0.0,0.0,0.0,0.0,0.0,0.0,0.0,0.35,0.0,0.0,0.0,0.0,0.0,0.0,0.0,0.0,0.0
2024-10-04 13:00:00,0.0,0.0,0.0,0.0,0.0,0.0,0.0,0.0,0.0,0.35,0.0,0.0,0.0,0.0,0.0,0.0,0.0,0.0,0.0
2024-10-04 13:30:00,0.0,0.0,0.1237436867076458,0.0,0.0,0.0,0.0,0.0,0.0,0.175,0.0,0.0,0.1237436867076458,0.0,0.0,0.0,0.0,0.0,0.0
2024-10-04 14:05:00,0.0,0.0,0.2474873734152916,0.0,0.0,0.0,0.0,0.0,0.0,0.0,0.0,0.0,0.2474873734152916,0.0,0.0,0.0,0.0,0.0,0.0
2024-10-04 14:35:00,0.0,0.0,0.2474873734152916,0.0,0.0,0.0,0.0,0.0,0.0,0.0,0.0,0.0,0.2474873734152916,0.0,0.0,0.0,0.0,0.0,0.0
2024-10-04 15:05:00,0.0,0.0,0.2474873734152916,0.0,0.0,0.0,0.0,0.0,0.0,0.0,0.0,0.0,0.2474873734152916,0.0,0.0,0.0,0.0,0.0,0.0
2024-10-04 15:35:00,0.0,0.0,0.1237436867076458,0.0,0.1010362971081845,0.0,0.0,0.0,0.0,0.0,0.0,0.0,0.2247799838158302,0.1010362971081845,0.0,0.0,0.0,0.0,0.0
2024-10-04 16:10:00,0.0,0.0,0.0,0.0,0.202072594216369,0.0,0.0,0.0,0.0,0.0,0.0,0.0,0.202072594216369,0.202072594216369,0.0,0.0,0.0,0.0,0.0
2024-10-04 16:40:00,0.0,0.0,0.0,0.0,0.202072594216369,0.0,0.0,0.0,0.0,0.0,0.0,0.0,0.202072594216369,0.202072594216369,0.0,0.0,0.0,0.0,0.0
2024-10-04 17:10:00,0.0,0.0,0.0,0.0,0.202072594216369,0.0,0.0,0.0,0.0,0.0,0.0,0.0,0.202072594216369,0.202072594216369,0.0,0.0,0.0,0.0,0.0
2024-10-04 17:40:00,0.0,0.0,0.0,0.0,0.1010362971081845,0.0,0.0,0.0,0.0,0.175,0.0,0.0,0.1010362971081845,0.1010362971081845,0.0,0.0,0.0,0.0,0.0
2024-10-04 18:15:00,0.0,0.0,0.0,0.0,0.0,0.0,0.0,0.0,0.0,0.35,0.0,0.0,0.0,0.0,0.0,0.0,0.0,0.0,0.0
2024-10-04 18:45:00,0.0,0.0,0.0,0.0,0.0,0.0,0.0,0.0,0.0,0.35,0.0,0.0,0.0,0.0,0.0,0.0,0.0,0.0,0.0
2024-10-04 19:15:00,0.0,0.0,0.0,0.0,0.0,0.0,0.0,0.0,0.0,0.35,0.0,0.0,0.0,0.0,0.0,0.0,0.0,0.0,0.0
2024-10-04 19:45:00,0.0,0.0,0.0,0.0,0.0,0.0,0.0,0.0,0.0,0.35,0.0,0.0,0.0,0.0,0.0,0.0,0.0,0.0,0.0
2024-10-04 20:15:00,0.0,0.0,0.0,0.0,0.0,0.0,0.0,0.0,0.0,0.35,0.0,0.0,0.0,0.0,0.0,0.0,0.0,0.0,0.0
2024-10-04 20:45:00,0.0,0.1237436867076458,0.0,0.0,0.0,0.0,0.0,0.1237436867076458,0.0,0.175,0.0,0.0,0.0,0.0,0.0,0.0,0.0,0.0,0.0
2024-10-04 21:20:00,0.0,0.2474873734152916,0.0,0.0,0.0,0.0,0.0,0.2474873734152916,0.0,0.0,0.0,0.0,0.0,0.0,0.0,0.0,0.0,0.0,0.0
2024-10-04 21:50:00,0.0,0.2474873734152916,0.0,0.0,0.0,0.0,0.0,0.2474873734152916,0.0,0.0,0.0,0.0,0.0,0.0,0.0,0.0,0.0,0.0,0.0
2024-10-04 22:20:00,0.0,0.2474873734152916,0.0,0.0,0.0,0.0,0.0,0.2474873734152916,0.0,0.0,0.0,0.0,0.0,0.0,0.0,0.0,0.0,0.0,0.0
2024-10-04 22:50:00,0.0,0.2474873734152916,0.0,0.0,0.0,0.0,0.0,0.2474873734152916,0.0,0.0,0.0,0.0,0.0,0.0,0.0,0.0,0.0,0.0,0.0
2024-10-04 23:20:00,0.0,0.2474873734152916,0.0,0.0,0.0,0.0,0.0,0.2474873734152916,0.0,0.0,0.0,0.0,0.0,0.0,0.0,0.0,0.0,0.0,0.0
2024-10-05 07:10:00,0.0,0.0,0.0,0.0,0.0,0.0,0.0,0.0,0.0,0.0,0.0,0.0,0.2474873734152916,0.0,0.0,0.0,0.0,0.0,0.2474873734152916
2024-10-05 07:40:00,0.0,0.1010362971081845,0.0,0.0,0.1010362971081845,0.0,0.0,0.1010362971081845,0.0,0.0,0.0,0.0,0.1237436867076458,0.0,0.0,0.0,0.0,0.0,0.1237436867076458
2024-10-05 08:15:00,0.0,0.202072594216369,0.0,0.0,0.202072594216369,0.0,0.0,0.202072594216369,0.0,0.0,0.0,0.0,0.0,0.0,0.0,0.0,0.0,0.0,0.0
2024-10-05 08:45:00,0.0,0.202072594216369,0.0,0.0,0.202072594216369,0.0,0.0,0.202072594216369,0.0,0.0,0.0,0.0,0.0,0.0,0.0,0.0,0.0,0.0,0.0
2024-10-05 09:15:00,0.0,0.202072594216369,0.0,0.0,0.202072594216369,0.0,0.0,0.202072594216369,0.0,0.0,0.0,0.0,0.0,0.0,0.0,0.0,0.0,0.0,0.0
2024-10-05 09:45:00,0.0,0.202072594216369,0.0,0.0,0.202072594216369,0.0,0.0,0.202072594216369,0.0,0.0,0.0,0.0,0.0,0.0,0.0,0.0,0.0,0.0,0.0
2024-10-05 10:15:00,0.0,0.1010362971081845,0.0,0.0,0.1010362971081845,0.0,0.0,0.1010362971081845,0.0,0.1010362971081845,0.0,0.1010362971081845,0.1010362971081845,0.0,0.0,0.0,0.0,0.0,0.0
2024-10-05 10:50:00,0.0,0.0,0.0,0.0,0.0,0.0,0.0,0.0,0.0,0.202072594216369,0.0,0.202072594216369,0.202072594216369,0.0,0.0,0.0,0.0,0.0,0.0
2024-10-05 11:20:00,0.0,0.0,0.0,0.0,0.0,0.0,0.0,0.0,0.0,0.202072594216369,0.0,0.202072594216369,0.202072594216369,0.0,0.0,0.0,0.0,0.0,0.0
2024-10-05 11:50:00,0.0,0.0,0.0,0.0,0.0,0.0,0.0,0.0,0.0,0.202072594216369,0.0,0.202072594216369,0.202072594216369,0.0,0.0,0.0,0.0,0.0,0.0
2024-10-05 12:20:00,0.0,0.0,0.0,0.0,0.0,0.0,0.0,0.0,0.0,0.2247799838158302,0.0,0.1010362971081845,0.1010362971081845,0.0,0.0,0.0,0.0,0.0,0.1237436867076458
2024-10-05 12:55:00,0.0,0.0,0.0,0.0,0.0,0.0,0.0,0.0,0.0,0.2474873734152916,0.0,0.0,0.0,0.0,0.0,0.0,0.0,0.0,0.2474873734152916
2024-10-05 13:25:00,0.0,0.0,0.0,0.0,0.0,0.0,0.0,0.0,0.0,0.2474873734152916,0.0,0.0,0.0,0.0,0.0,0.0,0.0,0.0,0.2474873734152916
2024-10-05 13:55:00,0.0,0.0,0.0,0.0,0.0,0.0,0.0,0.0,0.0,0.2474873734152916,0.0,0.0,0.0,0.0,0.0,0.0,0.0,0.0,0.2474873734152916
2024-10-05 14:25:00,0.0,0.0,0.0,0.0,0.0,0.0,0.0,0.0,0.0,0.2474873734152916,0.0,0.0,0.0,0.0,0.0,0.0,0.0,0.0,0.2474873734152916
2024-10-05 14:55:00,0.0,0.1237436867076458,0.0,0.0,0.0,0.0,0.0,0.1237436867076458,0.0,0.1237436867076458,0.0,0.0,0.0,0.0,0.0,0.0,0.0,0.0,0.1237436867076458
2024-10-05 15:30:00,0.0,0.2474873734152916,0.0,0.0,0.0,0.0,0.0,0.2474873734152916,0.0,0.0,0.0,0.0,0.0,0.0,0.0,0.0,0.0,0.0,0.0
2024-10-05 16:00:00,0.0,0.2474873734152916,0.0,0.0,0.0,0.0,0.0,0.2474873734152916,0.0,0.0,0.0,0.0,0.0,0.0,0.0,0.0,0.0,0.0,0.0
2024-10-05 16:30:00,0.0,0.2474873734152916,0.0,0.0,0.0,0.0,0.0,0.2474873734152916,0.0,0.0,0.0,0.0,0.0,0.0,0.0,0.0,0.0,0.0,0.0
2024-10-05 17:00:00,0.0,0.2474873734152916,0.0,0.0,0.0,0.0,0.0,0.2474873734152916,0.0,0.0,0.0,0.0,0.0,0.0,0.0,0.0,0.0,0.0,0.0
2024-10-05 17:30:00,0.0,0.1237436867076458,0.1010362971081845,0.1010362971081845,0.0,0.0,0.0,0.1237436867076458,0.0,0.1010362971081845,0.0,0.0,0.0,0.0,0.0,0.0,0.0,0.0,0.0
2024-10-05 18:05:00,0.0,0.0,0.202072594216369,0.202072594216369,0.0,0.0,0.0,0.0,0.0,0.202072594216369,0.0,0.0,0.0,0.0,0.0,0.0,0.0,0.0,0.0
2024-10-05 18:35:00,0.0,0.0,0.202072594216369,0.202072594216369,0.0,0.0,0.0,0.0,0.0,0.202072594216369,0.0,0.0,0.0,0.0,0.0,0.0,0.0,0.0,0.0
2024-10-05 19:05:00,0.0,0.0,0.202072594216369,0.202072594216369,0.0,0.0,0.0,0.0,0.0,0.202072594216369,0.0,0.0,0.0,0.0,0.0,0.0,0.0,0.0,0.0
2024-10-05 19:35:00,0.0,0.0,0.202072594216369,0.202072594216369,0.0,0.0,0.0,0.0,0.0,0.202072594216369,0.0,0.0,0.0,0.0,0.0,0.0,0.0,0.0,0.0
2024-10-05 20:05:00,0.0,0.0,0.1010362971081845,0.1010362971081845,0.0,0.0,0.0,0.0,0.0,0.2247799838158302,0.0,0.0,0.1237436867076458,0.0,0.0,0.0,0.0,0.0,0.0
2024-10-05 20:40:00,0.0,0.0,0.0,0.0,0.0,0.0,0.0,0.0,0.0,0.2474873734152916,0.0,0.0,0.2474873734152916,0.0,0.0,0.0,0.0,0.0,0.0
2024-10-05 21:10:00,0.0,0.0,0.0,0.0,0.0,0.0,0.0,0.0,0.0,0.2474873734152916,0.0,0.0,0.2474873734152916,0.0,0.0,0.0,0.0,0.0,0.0
2024-10-05 21:40:00,0.0,0.0,0.0,0.0,0.0,0.0,0.0,0.0,0.0,0.2474873734152916,0.0,0.0,0.2474873734152916,0.0,0.0,0.0,0.0,0.0,0.0
2024-10-05 22:10:00,0.0,0.0,0.0,0.1237436867076458,0.0,0.0,0.0,0.1237436867076458,0.0,0.1237436867076458,0.0,0.0,0.1237436867076458,0.0,0.0,0.0,0.0,0.0,0.0
2024-10-05 22:45:00,0.0,0.0,0.0,0.2474873734152916,0.0,0.0,0.0,0.2474873734152916,0.0,0.0,0.0,0.0,0.0,0.0,0.0,0.0,0.0,0.0,0.0
2024-10-05 23:15:00,0.0,0.0,0.0,0.2474873734152916,0.0,0.0,0.0,0.2474873734152916,0.0,0.0,0.0,0.0,0.0,0.0,0.0,0.0,0.0,0.0,0.0
2024-10-05 23:45:00,0.0,0.0,0.0,0.2474873734152916,0.0,0.0,0.0,0.2474873734152916,0.0,0.0,0.0,0.0,0.0,0.0,0.0,0.0,0.0,0.0,0.0
2024-10-06 07:00:00,0.0,0.0,0.0,0.2112436867076458,0.0,0.0,0.0,0.1237436867076458,0.0,0.0875,0.0,0.0,0.0,0.0,0.0,0.0875,0.0,0.0875,0.0
2024-10-06 07:30:00,0.0,0.0,0.0,0.175,0.0,0.0,0.0,0.0,0.0,0.175,0.0,0.0,0.0,0.0,0.0,0.175,0.0,0.175,0.0
2024-10-06 08:00:00,0.0,0.0,0.0,0.0875,0.0,0.0,0.0,0.0,0.0,0.0875,0.0,0.0,0.1237436867076458,0.0,0.0,0.0875,0.0,0.0875,0.1237436867076458
2024-10-06 08:35:00,0.0,0.0,0.0,0.0,0.0,0.0,0.0,0.0,0.0,0.0,0.0,0.0,0.2474873734152916,0.0,0.0,0.0,0.0,0.0,0.2474873734152916
2024-10-06 09:05:00,0.0,0.0,0.0,0.0,0.0,0.0,0.0,0.0,0.0,0.0,0.0,0.0,0.2474873734152916,0.0,0.0,0.0,0.0,0.0,0.2474873734152916
2024-10-06 09:35:00,0.0,0.0,0.0,0.0,0.0,0.0,0.0,0.0,0.0,0.0,0.0,0.0,0.2474873734152916,0.0,0.0,0.0,0.0,0.0,0.2474873734152916
2024-10-06 10:05:00,0.0,0.0,0.0,0.0,0.0,0.0,0.0,0.1010362971081845,0.0,0.0,0.0,0.0,0.2247799838158302,0.0,0.0,0.1010362971081845,0.0,0.0,0.1237436867076458
2024-10-06 10:40:00,0.0,0.0,0.0,0.0,0.0,0.0,0.0,0.202072594216369,0.0,0.0,0.0,0.0,0.202072594216369,0.0,0.0,0.202072594216369,0.0,0.0,0.0
2024-10-06 11:10:00,0.0,0.0,0.0,0.0,0.0,0.0,0.0,0.202072594216369,0.0,0.0,0.0,0.0,0.202072594216369,0.0,0.0,0.202072594216369,0.0,0.0,0.0
2024-10-06 11:40:00,0.0,0.0,0.0,0.0,0.0,0.0,0.0,0.202072594216369,0.0,0.0,0.0,0.0,0.202072594216369,0.0,0.0,0.202072594216369,0.0,0.0,0.0
2024-10-06 12:10:00,0.0,0.0,0.0,0.0,0.0,0.0,0.0,0.1010362971081845,0.0,0.0,0.0,0.0,0.2247799838158302,0.0,0.0,0.1010362971081845,0.0,0.0,0.1237436867076458
2024-10-06 12:45:00,0.0,0.0,0.0,0.0,0.0,0.0,0.0,0.0,0.0,0.0,0.0,0.0,0.2474873734152916,0.0,0.0,0.0,0.0,0.0,0.2474873734152916
2024-10-06 13:15:00,0.0,0.0,0.0,0.0,0.0,0.0,0.0,0.0,0.0,0.0,0.0,0.0,0.2474873734152916,0.0,0.0,0.0,0.0,0.0,0.2474873734152916
2024-10-06 13:45:00,0.0,0.0,0.0,0.0,0.0,0.0,0.0,0.0,0.0,0.0,0.0,0.0,0.2474873734152916,0.0,0.0,0.0,0.0,0.0,0.2474873734152916
2024-10-06 14:15:00,0.0,0.1010362971081845,0.0,0.0,0.1010362971081845,0.0,0.0,0.1010362971081845,0.0,0.0,0.0,0.0,0.1237436867076458,0.0,0.0,0.0,0.0,0.0,0.1237436867076458
2024-10-06 14:50:00,0.0,0.202072594216369,0.0,0.0,0.202072594216369,0.0,0.0,0.202072594216369,0.0,0.0,0.0,0.0,0.0,0.0,0.0,0.0,0.0,0.0,0.0
2024-10-06 15:20:00,0.0,0.202072594216369,0.0,0.0,0.202072594216369,0.0,0.0,0.202072594216369,0.0,0.0,0.0,0.0,0.0,0.0,0.0,0.0,0.0,0.0,0.0
2024-10-06 15:50:00,0.0,0.202072594216369,0.0,0.0,0.202072594216369,0.0,0.0,0.202072594216369,0.0,0.0,0.0,0.0,0.0,0.0,0.0,0.0,0.0,0.0,0.0
2024-10-06 16:20:00,0.0,0.202072594216369,0.0,0.0,0.202072594216369,0.0,0.0,0.202072594216369,0.0,0.0,0.0,0.0,0.0,0.0,0.0,0.0,0.0,0.0,0.0
2024-10-06 16:50:00,0.0,0.202072594216369,0.0,0.0,0.202072594216369,0.0,0.0,0.202072594216369,0.0,0.0,0.0,0.0,0.0,0.0,0.0,0.0,0.0,0.0,0.0
2024-10-06 17:55:00,0.0,0.0,0.0,0.202072594216369,0.0,0.0,0.0,0.0,0.0,0.0,0.202072594216369,0.202072594216369,0.0,0.0,0.0,0.0,0.0,0.0,0.0
2024-10-06 18:25:00,0.0,0.0,0.0,0.202072594216369,0.0,0.0,0.0,0.0,0.0,0.0,0.202072594216369,0.202072594216369,0.0,0.0,0.0,0.0,0.0,0.0,0.0
2024-10-06 18:55:00,0.0,0.0,0.0,0.202072594216369,0.0,0.0,0.0,0.0,0.0,0.0,0.202072594216369,0.202072594216369,0.0,0.0,0.0,0.0,0.0,0.0,0.0
2024-10-06 19:25:00,0.0,0.0,0.0,0.1010362971081845,0.0,0.0,0.0,0.0,0.0,0.1237436867076458,0.1010362971081845,0.1010362971081845,0.1237436867076458,0.0,0.0,0.0,0.0,0.0,0.0
2024-10-06 20:00:00,0.0,0.0,0.0,0.0,0.0,0.0,0.0,0.0,0.0,0.2474873734152916,0.0,0.0,0.2474873734152916,0.0,0.0,0.0,0.0,0.0,0.0
2024-10-06 20:30:00,0.0,0.0,0.0,0.0,0.0,0.0,0.0,0.0,0.0,0.2474873734152916,0.0,0.0,0.2474873734152916,0.0,0.0,0.0,0.0,0.0,0.0
2024-10-06 21:00:00,0.0,0.0,0.0,0.0,0.0,0.0,0.0,0.0,0.0,0.2474873734152916,0.0,0.0,0.2474873734152916,0.0,0.0,0.0,0.0,0.0,0.0
2024-10-06 21:30:00,0.0,0.0875,0.0,0.0,0.0,0.0,0.0,0.0,0.0,0.1237436867076458,0.0,0.0,0.2112436867076458,0.0875,0.0,0.0,0.0875,0.0,0.0
2024-10-06 22:05:00,0.0,0.175,0.0,0.0,0.0,0.0,0.0,0.0,0.0,0.0,0.0,0.0,0.175,0.175,0.0,0.0,0.175,0.0,0.0
2024-10-06 22:35:00,0.0,0.175,0.0,0.0,0.0,0.0,0.0,0.0,0.0,0.0,0.0,0.0,0.175,0.175,0.0,0.0,0.175,0.0,0.0
2024-10-06 23:05:00,0.0,0.0875,0.0,0.0,0.0,0.0,0.0,0.0,0.0,0.175,0.0,0.0,0.0875,0.0875,0.0,0.0,0.0875,0.0,0.0
2024-10-06 23:40:00,0.0,0.0,0.0,0.0,0.0,0.0,0.0,0.0,0.0,0.35,0.0,0.0,0.0,0.0,0.0,0.0,0.0,0.0,0.0
2024-10-07 07:25:00,0.0,0.0,0.0,0.0,0.0,0.0,0.0,0.0,0.0,0.2474873734152916,0.0,0.0,0.0,0.0,0.0,0.0,0.0,0.2474873734152916,0.0
2024-10-07 07:55:00,0.0,0.0,0.0,0.0,0.0,0.0,0.0,0.0,0.0,0.2474873734152916,0.0,0.0,0.0,0.0,0.0,0.0,0.0,0.2474873734152916,0.0
2024-10-07 08:25:00,0.0,0.0,0.0875,0.0875,0.0,0.0,0.0,0.0875,0.0,0.2112436867076458,0.0,0.0,0.0,0.0,0.0,0.0,0.0,0.1237436867076458,0.0
2024-10-07 09:00:00,0.0,0.0,0.175,0.175,0.0,0.0,0.0,0.175,0.0,0.175,0.0,0.0,0.0,0.0,0.0,0.0,0.0,0.0,0.0
2024-10-07 09:30:00,0.0,0.0,0.175,0.175,0.0,0.0,0.0,0.175,0.0,0.175,0.0,0.0,0.0,0.0,0.0,0.0,0.0,0.0,0.0
2024-10-07 10:00:00,0.0,0.0,0.175,0.175,0.0,0.0,0.0,0.175,0.0,0.175,0.0,0.0,0.0,0.0,0.0,0.0,0.0,0.0,0.0
2024-10-07 10:30:00,0.0,0.0,0.0875,0.0875,0.0,0.0,0.0,0.0875,0.0,0.2624999999999999,0.0,0.0,0.0,0.0,0.0,0.0,0.0,0.0,0.0
2024-10-07 11:05:00,0.0,0.0,0.0,0.0,0.0,0.0,0.0,0.0,0.0,0.35,0.0,0.0,0.0,0.0,0.0,0.0,0.0,0.0,0.0
2024-10-07 11:35:00,0.0,0.0,0.0,0.0,0.0,0.0,0.0,0.0,0.0,0.35,0.0,0.0,0.0,0.0,0.0,0.0,0.0,0.0,0.0
2024-10-07 12:05:00,0.0,0.0,0.0,0.0,0.0,0.0,0.0,0.0,0.0,0.35,0.0,0.0,0.0,0.0,0.0,0.0,0.0,0.0,0.0
2024-10-07 12:35:00,0.0,0.0,0.1010362971081845,0.1010362971081845,0.0,0.0,0.0,0.1010362971081845,0.0,0.175,0.0,0.0,0.0,0.0,0.0,0.0,0.0,0.0,0.0
2024-10-07 13:10:00,0.0,0.0,0.202072594216369,0.202072594216369,0.0,0.0,0.0,0.202072594216369,0.0,0.0,0.0,0.0,0.0,0.0,0.0,0.0,0.0,0.0,0.0
2024-10-07 13:40:00,0.0,0.0,0.202072594216369,0.202072594216369,0.0,0.0,0.0,0.202072594216369,0.0,0.0,0.0,0.0,0.0,0.0,0.0,0.0,0.0,0.0,0.0
2024-10-07 14:10:00,0.0,0.0,0.202072594216369,0.202072594216369,0.0,0.0,0.0,0.202072594216369,0.0,0.0,0.0,0.0,0.0,0.0,0.0,0.0,0.0,0.0,0.0
2024-10-07 14:40:00,0.0,0.0,0.1010362971081845,0.1010362971081845,0.0,0.0,0.0,0.1010362971081845,0.0,0.175,0.0,0.0,0.0,0.0,0.0,0.0,0.0,0.0,0.0
2024-10-07 15:15:00,0.0,0.0,0.0,0.0,0.0,0.0,0.0,0.0,0.0,0.35,0.0,0.0,0.0,0.0,0.0,0.0,0.0,0.0,0.0
2024-10-07 15:45:00,0.0,0.0,0.0,0.0,0.0,0.0,0.0,0.0,0.0,0.35,0.0,0.0,0.0,0.0,0.0,0.0,0.0,0.0,0.0
2024-10-07 16:15:00,0.0,0.0,0.0,0.0,0.0,0.0,0.0,0.0,0.0,0.35,0.0,0.0,0.0,0.0,0.0,0.0,0.0,0.0,0.0
2024-10-07 16:45:00,0.0,0.0,0.0,0.0,0.0,0.0,0.0,0.0,0.0,0.35,0.0,0.0,0.0,0.0,0.0,0.0,0.0,0.0,0.0
2024-10-07 17:15:00,0.0,0.0,0.0875,0.0875,0.0,0.0,0.0,0.0,0.0,0.175,0.0,0.0,0.0875,0.0,0.0,0.0,0.0,0.0,0.0875
2024-10-07 17:50:00,0.0,0.0,0.175,0.175,0.0,0.0,0.0,0.0,0.0,0.0,0.0,0.0,0.175,0.0,0.0,0.0,0.0,0.0,0.175
2024-10-07 18:20:00,0.0,0.0,0.175,0.175,0.0,0.0,0.0,0.0,0.0,0.0,0.0,0.0,0.175,0.0,0.0,0.0,0.0,0.0,0.175
2024-10-07 18:50:00,0.0,0.0,0.175,0.175,0.0,0.0,0.0,0.0,0.0,0.0,0.0,0.0,0.175,0.0,0.0,0.0,0.0,0.0,0.175
2024-10-07 19:20:00,0.0,0.0,0.1885362971081844,0.0875,0.0,0.0,0.0,0.1010362971081845,0.0,0.0,0.0,0.0,0.1885362971081844,0.0,0.0,0.0,0.0,0.0,0.0875
2024-10-07 19:55:00,0.0,0.0,0.202072594216369,0.0,0.0,0.0,0.0,0.202072594216369,0.0,0.0,0.0,0.0,0.202072594216369,0.0,0.0,0.0,0.0,0.0,0.0
2024-10-07 20:25:00,0.0,0.0,0.202072594216369,0.0,0.0,0.0,0.0,0.202072594216369,0.0,0.0,0.0,0.0,0.202072594216369,0.0,0.0,0.0,0.0,0.0,0.0
2024-10-07 20:55:00,0.0,0.0,0.202072594216369,0.0,0.0,0.0,0.0,0.202072594216369,0.0,0.0,0.0,0.0,0.202072594216369,0.0,0.0,0.0,0.0,0.0,0.0
2024-10-07 21:25:00,0.0,0.0,0.202072594216369,0.0,0.0,0.0,0.0,0.202072594216369,0.0,0.0,0.0,0.0,0.202072594216369,0.0,0.0,0.0,0.0,0.0,0.0
2024-10-07 21:55:00,0.0,0.0,0.1010362971081845,0.0,0.0,0.0,0.0,0.1010362971081845,0.0,0.1010362971081845,0.0,0.0,0.1010362971081845,0.0,0.0,0.1010362971081845,0.0,0.1010362971081845,0.0
2024-10-07 22:30:00,0.0,0.0,0.0,0.0,0.0,0.0,0.0,0.0,0.0,0.202072594216369,0.0,0.0,0.0,0.0,0.0,0.202072594216369,0.0,0.202072594216369,0.0
2024-10-07 23:00:00,0.0,0.0,0.0,0.0,0.0,0.0,0.0,0.0,0.0,0.202072594216369,0.0,0.0,0.0,0.0,0.0,0.202072594216369,0.0,0.202072594216369,0.0
2024-10-07 23:30:00,0.0,0.0,0.0,0.0,0.0,0.0,0.0,0.0,0.0,0.202072594216369,0.0,0.0,0.0,0.0,0.0,0.202072594216369,0.0,0.202072594216369,0.0
